PARTIDO,UF,DEPUTADO ESTADUAL,DEPUTADO FEDERAL,SENADOR,SUPLENTE,VICE-GOVERNADOR,GOVERNADOR,VICE-PRESIDENTE,PRESIDENTE
AVANTE,AC,0,0,0,0,0,0,0,0
DC,AC,0,0,0,0,0,0,0,0
DEM,AC,1,1,0,0,0,0,0,0
MDB,AC,3,2,1,2,0,0,0,0
NOVO,AC,0,0,0,0,0,0,0,0
PATRIOTA,AC,0,0,0,0,0,0,0,0
PC do B,AC,2,1,0,0,0,0,0,0
PCB,AC,0,0,0,0,0,0,0,0
PCO,AC,0,0,0,0,0,0,0,0
PDT,AC,1,1,0,0,0,0,0,0
PHS,AC,1,0,0,0,0,0,0,0
PMB,AC,0,0,0,0,0,0,0,0
PMN,AC,0,0,0,0,0,0,0,0
PODE,AC,1,0,0,0,0,0,0,0
PP,AC,3,0,0,0,0,1,0,0
PPL,AC,0,0,0,0,0,0,0,0
PPS,AC,0,0,0,0,0,0,0,0
PR,AC,1,0,0,1,0,0,0,0
PRB,AC,0,0,0,0,0,0,0,0
PROS,AC,1,0,0,0,0,0,0,0
PRP,AC,0,0,0,0,0,0,0,0
PRTB,AC,0,0,0,0,0,0,0,0
PSB,AC,1,0,0,0,0,0,0,0
PSC,AC,0,0,0,0,0,0,0,0
PSD,AC,0,0,1,1,0,0,0,0
PSDB,AC,2,1,0,0,1,0,0,0
PSL,AC,1,0,0,0,0,0,0,0
PSOL,AC,0,0,0,0,0,0,0,0
PSTU,AC,0,0,0,0,0,0,0,0
PT,AC,2,1,0,0,0,0,0,0
PTB,AC,1,0,0,0,0,0,0,0
PTC,AC,0,0,0,0,0,0,0,0
PV,AC,2,0,0,0,0,0,0,0
REDE,AC,0,0,0,0,0,0,0,0
SOLIDARIEDADE,AC,1,1,0,0,0,0,0,0
AVANTE,AL,0,0,0,0,0,0,0,0
DC,AL,0,0,0,0,0,0,0,0
DEM,AL,1,0,0,0,0,0,0,0
MDB,AL,6,1,1,1,1,1,0,0
NOVO,AL,0,0,0,0,0,0,0,0
PATRIOTA,AL,0,0,0,0,0,0,0,0
PC do B,AL,0,0,0,0,0,0,0,0
PCB,AL,0,0,0,0,0,0,0,0
PCO,AL,0,0,0,0,0,0,0,0
PDT,AL,1,0,0,0,0,0,0,0
PHS,AL,0,0,0,0,0,0,0,0
PMB,AL,0,0,0,0,0,0,0,0
PMN,AL,1,0,0,0,0,0,0,0
PODE,AL,0,0,0,0,0,0,0,0
PP,AL,4,1,0,0,0,0,0,0
PPL,AL,0,0,0,0,0,0,0,0
PPS,AL,1,0,0,0,0,0,0,0
PR,AL,0,1,0,0,0,0,0,0
PRB,AL,0,1,0,0,0,0,0,0
PROS,AL,1,0,0,1,0,0,0,0
PRP,AL,0,0,0,0,0,0,0,0
PRTB,AL,4,0,0,1,0,0,0,0
PSB,AL,0,1,0,1,0,0,0,0
PSC,AL,0,0,0,0,0,0,0,0
PSD,AL,2,1,0,0,0,0,0,0
PSDB,AL,2,1,1,0,0,0,0,0
PSL,AL,1,0,0,0,0,0,0,0
PSOL,AL,0,0,0,0,0,0,0,0
PSTU,AL,0,0,0,0,0,0,0,0
PT,AL,0,1,0,0,0,0,0,0
PTB,AL,1,1,0,0,0,0,0,0
PTC,AL,0,0,0,0,0,0,0,0
PV,AL,1,0,0,0,0,0,0,0
REDE,AL,0,0,0,0,0,0,0,0
SOLIDARIEDADE,AL,1,0,0,0,0,0,0,0
AVANTE,AM,0,0,0,0,0,0,0,0
DC,AM,0,0,0,0,0,0,0,0
DEM,AM,0,0,0,0,0,0,0,0
MDB,AM,0,0,0,0,0,0,0,0
NOVO,AM,0,0,0,0,0,0,0,0
PATRIOTA,AM,0,0,0,0,0,0,0,0
PC do B,AM,0,0,0,0,0,0,0,0
PCB,AM,0,0,0,0,0,0,0,0
PCO,AM,0,0,0,0,0,0,0,0
PDT,AM,0,0,0,0,0,0,0,0
PHS,AM,0,0,0,0,0,0,0,0
PMB,AM,0,0,0,0,0,0,0,0
PMN,AM,0,0,0,0,0,0,0,0
PODE,AM,0,0,0,0,0,0,0,0
PP,AM,0,0,0,0,0,0,0,0
PPL,AM,0,0,0,0,0,0,0,0
PPS,AM,0,0,0,0,0,0,0,0
PR,AM,0,0,0,0,0,0,0,0
PRB,AM,0,0,0,0,0,0,0,0
PROS,AM,0,0,0,0,0,0,0,0
PRP,AM,0,0,0,0,0,0,0,0
PRTB,AM,0,0,0,0,1,0,0,0
PSB,AM,0,0,0,0,0,0,0,0
PSC,AM,0,0,0,0,0,1,0,0
PSD,AM,0,0,0,0,0,0,0,0
PSDB,AM,0,0,0,0,0,0,0,0
PSL,AM,0,0,0,0,0,0,0,0
PSOL,AM,0,0,0,0,0,0,0,0
PSTU,AM,0,0,0,0,0,0,0,0
PT,AM,0,0,0,0,0,0,0,0
PTB,AM,0,0,0,0,0,0,0,0
PTC,AM,0,0,0,0,0,0,0,0
PV,AM,0,0,0,0,0,0,0,0
REDE,AM,0,0,0,0,0,0,0,0
SOLIDARIEDADE,AM,0,0,0,0,0,0,0,0
AVANTE,AP,0,0,0,0,0,0,0,0
DC,AP,0,0,0,0,0,0,0,0
DEM,AP,0,0,0,0,0,0,0,0
MDB,AP,0,0,0,0,0,0,0,0
NOVO,AP,0,0,0,0,0,0,0,0
PATRIOTA,AP,0,0,0,0,0,0,0,0
PC do B,AP,0,0,0,0,0,0,0,0
PCB,AP,0,0,0,0,0,0,0,0
PCO,AP,0,0,0,0,0,0,0,0
PDT,AP,0,0,0,0,0,1,0,0
PHS,AP,0,0,0,0,0,0,0,0
PMB,AP,0,0,0,0,0,0,0,0
PMN,AP,0,0,0,0,0,0,0,0
PODE,AP,0,0,0,0,0,0,0,0
PP,AP,0,0,0,0,0,0,0,0
PPL,AP,0,0,0,1,0,0,0,0
PPS,AP,0,0,0,0,0,0,0,0
PR,AP,0,0,0,0,0,0,0,0
PRB,AP,0,0,0,0,0,0,0,0
PROS,AP,0,0,0,0,1,0,0,0
PRP,AP,0,0,0,0,0,0,0,0
PRTB,AP,0,0,0,0,0,0,0,0
PSB,AP,0,0,0,0,0,0,0,0
PSC,AP,0,0,0,0,0,0,0,0
PSD,AP,0,0,0,0,0,0,0,0
PSDB,AP,0,0,0,0,0,0,0,0
PSL,AP,0,0,0,0,0,0,0,0
PSOL,AP,0,0,0,0,0,0,0,0
PSTU,AP,0,0,0,0,0,0,0,0
PT,AP,0,0,0,0,0,0,0,0
PTB,AP,0,0,1,2,0,0,0,0
PTC,AP,0,0,0,0,0,0,0,0
PV,AP,0,0,0,0,0,0,0,0
REDE,AP,0,0,1,1,0,0,0,0
SOLIDARIEDADE,AP,0,0,0,0,0,0,0,0
AVANTE,BA,1,2,0,0,0,0,0,0
DC,BA,0,0,0,0,0,0,0,0
DEM,BA,6,4,0,0,0,0,0,0
MDB,BA,1,0,0,0,0,0,0,0
NOVO,BA,0,0,0,0,0,0,0,0
PATRIOTA,BA,1,0,0,0,0,0,0,0
PC do B,BA,5,2,0,1,0,0,0,0
PCB,BA,0,0,0,0,0,0,0,0
PCO,BA,0,0,0,0,0,0,0,0
PDT,BA,3,2,0,0,0,0,0,0
PHS,BA,1,2,0,0,0,0,0,0
PMB,BA,0,0,0,0,0,0,0,0
PMN,BA,0,0,0,0,0,0,0,0
PODE,BA,1,1,0,0,0,0,0,0
PP,BA,7,4,0,0,1,0,0,0
PPL,BA,0,1,0,0,0,0,0,0
PPS,BA,0,0,0,0,0,0,0,0
PR,BA,1,2,0,1,0,0,0,0
PRB,BA,2,2,0,0,0,0,0,0
PROS,BA,0,0,0,0,0,0,0,0
PRP,BA,1,1,0,1,0,0,0,0
PRTB,BA,0,0,0,0,0,0,0,0
PSB,BA,5,2,0,1,0,0,0,0
PSC,BA,3,0,0,0,0,0,0,0
PSD,BA,9,5,1,0,0,0,0,0
PSDB,BA,3,1,0,0,0,0,0,0
PSL,BA,2,1,0,0,0,0,0,0
PSOL,BA,1,0,0,0,0,0,0,0
PSTU,BA,0,0,0,0,0,0,0,0
PT,BA,10,7,1,0,0,1,0,0
PTB,BA,0,0,0,0,0,0,0,0
PTC,BA,0,0,0,0,0,0,0,0
PV,BA,0,0,0,0,0,0,0,0
REDE,BA,0,0,0,0,0,0,0,0
SOLIDARIEDADE,BA,0,0,0,0,0,0,0,0
AVANTE,BR,0,0,0,0,0,0,0,0
DC,BR,0,0,0,0,0,0,0,0
DEM,BR,0,0,0,0,0,0,0,0
MDB,BR,0,0,0,0,0,0,0,0
NOVO,BR,0,0,0,0,0,0,0,0
PATRIOTA,BR,0,0,0,0,0,0,0,0
PC do B,BR,0,0,0,0,0,0,0,0
PCB,BR,0,0,0,0,0,0,0,0
PCO,BR,0,0,0,0,0,0,0,0
PDT,BR,0,0,0,0,0,0,0,0
PHS,BR,0,0,0,0,0,0,0,0
PMB,BR,0,0,0,0,0,0,0,0
PMN,BR,0,0,0,0,0,0,0,0
PODE,BR,0,0,0,0,0,0,0,0
PP,BR,0,0,0,0,0,0,0,0
PPL,BR,0,0,0,0,0,0,0,0
PPS,BR,0,0,0,0,0,0,0,0
PR,BR,0,0,0,0,0,0,0,0
PRB,BR,0,0,0,0,0,0,0,0
PROS,BR,0,0,0,0,0,0,0,0
PRP,BR,0,0,0,0,0,0,0,0
PRTB,BR,0,0,0,0,0,0,1,0
PSB,BR,0,0,0,0,0,0,0,0
PSC,BR,0,0,0,0,0,0,0,0
PSD,BR,0,0,0,0,0,0,0,0
PSDB,BR,0,0,0,0,0,0,0,0
PSL,BR,0,0,0,0,0,0,0,1
PSOL,BR,0,0,0,0,0,0,0,0
PSTU,BR,0,0,0,0,0,0,0,0
PT,BR,0,0,0,0,0,0,0,0
PTB,BR,0,0,0,0,0,0,0,0
PTC,BR,0,0,0,0,0,0,0,0
PV,BR,0,0,0,0,0,0,0,0
REDE,BR,0,0,0,0,0,0,0,0
SOLIDARIEDADE,BR,0,0,0,0,0,0,0,0
AVANTE,CE,0,0,0,0,0,0,0,0
DC,CE,0,0,0,0,0,0,0,0
DEM,CE,1,0,0,0,0,0,0,0
MDB,CE,4,1,0,0,0,0,0,0
NOVO,CE,0,0,0,0,0,0,0,0
PATRIOTA,CE,3,1,0,0,0,0,0,0
PC do B,CE,2,0,0,0,0,0,0,0
PCB,CE,0,0,0,0,0,0,0,0
PCO,CE,0,0,0,0,0,0,0,0
PDT,CE,14,6,1,2,1,0,0,0
PHS,CE,0,0,0,0,0,0,0,0
PMB,CE,0,0,0,0,0,0,0,0
PMN,CE,0,0,0,0,0,0,0,0
PODE,CE,0,0,0,0,0,0,0,0
PP,CE,3,1,0,0,0,0,0,0
PPL,CE,0,0,0,0,0,0,0,0
PPS,CE,1,0,0,0,0,0,0,0
PR,CE,1,1,0,0,0,0,0,0
PRB,CE,1,0,0,0,0,0,0,0
PROS,CE,2,2,1,2,0,0,0,0
PRP,CE,0,0,0,0,0,0,0,0
PRTB,CE,0,0,0,0,0,0,0,0
PSB,CE,1,1,0,0,0,0,0,0
PSC,CE,0,0,0,0,0,0,0,0
PSD,CE,2,1,0,0,0,0,0,0
PSDB,CE,2,1,0,0,0,0,0,0
PSL,CE,2,1,0,0,0,0,0,0
PSOL,CE,1,0,0,0,0,0,0,0
PSTU,CE,0,0,0,0,0,0,0,0
PT,CE,4,3,0,0,0,1,0,0
PTB,CE,0,1,0,0,0,0,0,0
PTC,CE,0,0,0,0,0,0,0,0
PV,CE,0,1,0,0,0,0,0,0
REDE,CE,0,0,0,0,0,0,0,0
SOLIDARIEDADE,CE,2,1,0,0,0,0,0,0
AVANTE,DF,0,0,0,0,1,0,0,0
DC,DF,0,0,0,0,0,0,0,0
DEM,DF,0,1,0,0,0,0,0,0
MDB,DF,0,0,0,0,0,1,0,0
NOVO,DF,0,0,0,0,0,0,0,0
PATRIOTA,DF,0,0,0,0,0,0,0,0
PC do B,DF,0,0,0,1,0,0,0,0
PCB,DF,0,0,0,0,0,0,0,0
PCO,DF,0,0,0,0,0,0,0,0
PDT,DF,0,0,0,0,0,0,0,0
PHS,DF,0,0,0,0,0,0,0,0
PMB,DF,0,0,0,0,0,0,0,0
PMN,DF,0,0,0,0,0,0,0,0
PODE,DF,0,0,0,0,0,0,0,0
PP,DF,0,1,0,0,0,0,0,0
PPL,DF,0,0,0,0,0,0,0,0
PPS,DF,0,1,0,0,0,0,0,0
PR,DF,0,1,0,1,0,0,0,0
PRB,DF,0,1,0,0,0,0,0,0
PROS,DF,0,0,0,0,0,0,0,0
PRP,DF,0,1,0,0,0,0,0,0
PRTB,DF,0,0,0,0,0,0,0,0
PSB,DF,0,0,1,1,0,0,0,0
PSC,DF,0,0,0,0,0,0,0,0
PSD,DF,0,0,0,0,0,0,0,0
PSDB,DF,0,0,1,1,0,0,0,0
PSL,DF,0,0,0,0,0,0,0,0
PSOL,DF,0,0,0,0,0,0,0,0
PSTU,DF,0,0,0,0,0,0,0,0
PT,DF,0,1,0,0,0,0,0,0
PTB,DF,0,0,0,0,0,0,0,0
PTC,DF,0,0,0,0,0,0,0,0
PV,DF,0,1,0,0,0,0,0,0
REDE,DF,0,0,0,0,0,0,0,0
SOLIDARIEDADE,DF,0,0,0,0,0,0,0,0
AVANTE,ES,1,0,0,0,0,0,0,0
DC,ES,1,0,0,0,0,0,0,0
DEM,ES,1,1,0,0,0,0,0,0
MDB,ES,2,0,0,1,0,0,0,0
NOVO,ES,0,0,0,0,0,0,0,0
PATRIOTA,ES,1,0,0,0,0,0,0,0
PC do B,ES,0,0,0,0,0,0,0,0
PCB,ES,0,0,0,0,0,0,0,0
PCO,ES,0,0,0,0,0,0,0,0
PDT,ES,1,1,0,0,0,0,0,0
PHS,ES,0,0,0,0,0,0,0,0
PMB,ES,0,0,0,0,0,0,0,0
PMN,ES,1,0,0,0,0,0,0,0
PODE,ES,0,0,0,0,0,0,0,0
PP,ES,1,1,0,0,0,0,0,0
PPL,ES,0,0,0,0,0,0,0,0
PPS,ES,1,1,1,2,0,0,0,0
PR,ES,0,1,0,0,0,0,0,0
PRB,ES,2,1,0,0,0,0,0,0
PROS,ES,1,0,0,0,0,0,0,0
PRP,ES,2,0,0,0,0,0,0,0
PRTB,ES,0,0,0,0,0,0,0,0
PSB,ES,2,2,0,0,1,1,0,0
PSC,ES,0,0,0,0,0,0,0,0
PSD,ES,1,0,0,0,0,0,0,0
PSDB,ES,3,0,0,0,0,0,0,0
PSL,ES,4,1,0,0,0,0,0,0
PSOL,ES,0,0,0,0,0,0,0,0
PSTU,ES,0,0,0,0,0,0,0,0
PT,ES,1,1,0,0,0,0,0,0
PTB,ES,1,0,0,0,0,0,0,0
PTC,ES,0,0,0,0,0,0,0,0
PV,ES,2,0,0,0,0,0,0,0
REDE,ES,1,0,1,1,0,0,0,0
SOLIDARIEDADE,ES,0,0,0,0,0,0,0,0
AVANTE,GO,0,0,0,0,0,0,0,0
DC,GO,2,0,0,0,0,0,0,0
DEM,GO,4,2,0,0,0,1,0,0
MDB,GO,3,0,0,1,0,0,0,0
NOVO,GO,0,0,0,0,0,0,0,0
PATRIOTA,GO,1,0,0,0,0,0,0,0
PC do B,GO,0,0,0,0,0,0,0,0
PCB,GO,0,0,0,0,0,0,0,0
PCO,GO,0,0,0,0,0,0,0,0
PDT,GO,1,1,0,0,0,0,0,0
PHS,GO,0,0,0,0,0,0,0,0
PMB,GO,0,0,0,0,0,0,0,0
PMN,GO,0,0,0,0,0,0,0,0
PODE,GO,0,1,0,0,0,0,0,0
PP,GO,1,2,1,1,0,0,0,0
PPL,GO,0,0,0,0,0,0,0,0
PPS,GO,1,0,0,0,0,0,0,0
PR,GO,0,1,0,0,0,0,0,0
PRB,GO,2,1,0,0,0,0,0,0
PROS,GO,3,0,0,0,1,0,0,0
PRP,GO,2,1,1,2,0,0,0,0
PRTB,GO,2,0,0,0,0,0,0,0
PSB,GO,1,1,0,0,0,0,0,0
PSC,GO,1,1,0,0,0,0,0,0
PSD,GO,2,1,0,0,0,0,0,0
PSDB,GO,6,1,0,0,0,0,0,0
PSL,GO,2,2,0,0,0,0,0,0
PSOL,GO,0,0,0,0,0,0,0,0
PSTU,GO,0,0,0,0,0,0,0,0
PT,GO,2,1,0,0,0,0,0,0
PTB,GO,1,0,0,0,0,0,0,0
PTC,GO,1,0,0,0,0,0,0,0
PV,GO,1,0,0,0,0,0,0,0
REDE,GO,0,0,0,0,0,0,0,0
SOLIDARIEDADE,GO,2,1,0,0,0,0,0,0
AVANTE,MA,0,0,0,0,0,0,0,0
DC,MA,0,0,0,0,0,0,0,0
DEM,MA,5,1,0,1,0,0,0,0
MDB,MA,2,2,0,0,0,0,0,0
NOVO,MA,0,0,0,0,0,0,0,0
PATRIOTA,MA,0,1,0,0,0,0,0,0
PC do B,MA,6,2,0,0,0,1,0,0
PCB,MA,0,0,0,0,0,0,0,0
PCO,MA,0,0,0,0,0,0,0,0
PDT,MA,7,1,1,0,0,0,0,0
PHS,MA,0,0,0,0,0,0,0,0
PMB,MA,0,0,0,0,0,0,0,0
PMN,MA,1,2,0,0,0,0,0,0
PODE,MA,0,1,0,0,0,0,0,0
PP,MA,2,1,0,0,0,0,0,0
PPL,MA,0,0,0,0,0,0,0,0
PPS,MA,0,0,1,0,0,0,0,0
PR,MA,3,2,0,0,0,0,0,0
PRB,MA,1,1,0,0,1,0,0,0
PROS,MA,1,0,0,0,0,0,0,0
PRP,MA,0,0,0,0,0,0,0,0
PRTB,MA,2,0,0,0,0,0,0,0
PSB,MA,2,1,0,1,0,0,0,0
PSC,MA,0,0,0,0,0,0,0,0
PSD,MA,0,1,0,0,0,0,0,0
PSDB,MA,1,0,0,0,0,0,0,0
PSL,MA,1,0,0,0,0,0,0,0
PSOL,MA,0,0,0,0,0,0,0,0
PSTU,MA,0,0,0,0,0,0,0,0
PT,MA,1,1,0,0,0,0,0,0
PTB,MA,1,1,0,2,0,0,0,0
PTC,MA,0,0,0,0,0,0,0,0
PV,MA,3,0,0,0,0,0,0,0
REDE,MA,0,0,0,0,0,0,0,0
SOLIDARIEDADE,MA,3,0,0,0,0,0,0,0
AVANTE,MG,2,3,0,0,0,0,0,0
DC,MG,1,0,0,0,0,0,0,0
DEM,MG,1,1,1,0,0,0,0,0
MDB,MG,7,4,0,0,0,0,0,0
NOVO,MG,3,2,0,0,1,1,0,0
PATRIOTA,MG,2,2,0,0,0,0,0,0
PC do B,MG,1,0,0,0,0,0,0,0
PCB,MG,0,0,0,0,0,0,0,0
PCO,MG,0,0,0,0,0,0,0,0
PDT,MG,2,2,0,0,0,0,0,0
PHS,MG,3,2,1,2,0,0,0,0
PMB,MG,0,0,0,0,0,0,0,0
PMN,MG,0,1,0,0,0,0,0,0
PODE,MG,2,1,0,0,0,0,0,0
PP,MG,1,2,0,1,0,0,0,0
PPL,MG,0,0,0,0,0,0,0,0
PPS,MG,1,0,0,0,0,0,0,0
PR,MG,2,1,0,0,0,0,0,0
PRB,MG,3,2,0,0,0,0,0,0
PROS,MG,1,2,0,0,0,0,0,0
PRP,MG,1,0,0,0,0,0,0,0
PRTB,MG,1,0,0,0,0,0,0,0
PSB,MG,1,3,0,0,0,0,0,0
PSC,MG,3,1,0,0,0,0,0,0
PSD,MG,4,3,0,0,0,0,0,0
PSDB,MG,7,5,0,1,0,0,0,0
PSL,MG,6,6,0,0,0,0,0,0
PSOL,MG,1,1,0,0,0,0,0,0
PSTU,MG,0,0,0,0,0,0,0,0
PT,MG,10,8,0,0,0,0,0,0
PTB,MG,3,0,0,0,0,0,0,0
PTC,MG,0,0,0,0,0,0,0,0
PV,MG,5,0,0,0,0,0,0,0
REDE,MG,1,0,0,0,0,0,0,0
SOLIDARIEDADE,MG,2,1,0,0,0,0,0,0
AVANTE,MS,0,0,0,0,0,0,0,0
DC,MS,0,0,0,0,0,0,0,0
DEM,MS,2,1,0,2,1,0,0,0
MDB,MS,3,0,0,0,0,0,0,0
NOVO,MS,0,0,0,0,0,0,0,0
PATRIOTA,MS,1,0,0,0,0,0,0,0
PC do B,MS,0,0,0,0,0,0,0,0
PCB,MS,0,0,0,0,0,0,0,0
PCO,MS,0,0,0,0,0,0,0,0
PDT,MS,1,1,0,0,0,0,0,0
PHS,MS,0,0,0,0,0,0,0,0
PMB,MS,0,0,0,0,0,0,0,0
PMN,MS,0,0,0,0,0,0,0,0
PODE,MS,0,0,0,0,0,0,0,0
PP,MS,2,0,0,0,0,0,0,0
PPL,MS,0,0,0,0,0,0,0,0
PPS,MS,0,0,0,0,0,0,0,0
PR,MS,1,0,0,0,0,0,0,0
PRB,MS,1,0,0,0,0,0,0,0
PROS,MS,0,0,0,0,0,0,0,0
PRP,MS,0,0,0,0,0,0,0,0
PRTB,MS,0,0,0,0,0,0,0,0
PSB,MS,0,0,0,0,0,0,0,0
PSC,MS,0,0,0,0,0,0,0,0
PSD,MS,1,1,0,0,0,0,0,0
PSDB,MS,5,2,0,0,0,1,0,0
PSL,MS,2,2,1,2,0,0,0,0
PSOL,MS,0,0,0,0,0,0,0,0
PSTU,MS,0,0,0,0,0,0,0,0
PT,MS,2,1,0,0,0,0,0,0
PTB,MS,1,0,1,0,0,0,0,0
PTC,MS,0,0,0,0,0,0,0,0
PV,MS,0,0,0,0,0,0,0,0
REDE,MS,0,0,0,0,0,0,0,0
SOLIDARIEDADE,MS,2,0,0,0,0,0,0,0
AVANTE,MT,0,0,0,0,0,0,0,0
DC,MT,2,0,0,0,0,0,0,0
DEM,MT,2,0,0,0,0,0,0,0
MDB,MT,3,2,0,0,0,0,0,0
NOVO,MT,0,0,0,0,0,0,0,0
PATRIOTA,MT,0,0,0,0,0,0,0,0
PC do B,MT,0,0,0,0,0,0,0,0
PCB,MT,0,0,0,0,0,0,0,0
PCO,MT,0,0,0,0,0,0,0,0
PDT,MT,1,0,0,0,0,0,0,0
PHS,MT,0,0,0,0,0,0,0,0
PMB,MT,0,0,0,0,0,0,0,0
PMN,MT,0,0,0,0,0,0,0,0
PODE,MT,0,1,0,0,0,0,0,0
PP,MT,1,1,0,0,0,0,0,0
PPL,MT,0,0,0,0,0,0,0,0
PPS,MT,0,0,0,0,0,0,0,0
PR,MT,0,0,0,0,0,0,0,0
PRB,MT,1,0,0,0,0,0,0,0
PROS,MT,1,0,0,0,0,0,0,0
PRP,MT,0,0,0,0,0,0,0,0
PRTB,MT,0,0,0,0,0,0,0,0
PSB,MT,2,0,0,0,0,0,0,0
PSC,MT,2,0,0,0,0,0,0,0
PSD,MT,1,0,0,0,0,0,0,0
PSDB,MT,2,0,0,0,0,0,0,0
PSL,MT,2,1,0,0,0,0,0,0
PSOL,MT,0,0,0,0,0,0,0,0
PSTU,MT,0,0,0,0,0,0,0,0
PT,MT,2,1,0,0,0,0,0,0
PTB,MT,0,1,0,0,0,0,0,0
PTC,MT,0,0,0,0,0,0,0,0
PV,MT,2,0,0,0,0,0,0,0
REDE,MT,0,0,0,0,0,0,0,0
SOLIDARIEDADE,MT,0,1,0,0,0,0,0,0
AVANTE,PA,0,0,0,1,0,0,0,0
DC,PA,1,0,0,0,0,0,0,0
DEM,PA,3,2,0,0,0,0,0,0
MDB,PA,6,2,1,1,0,1,0,0
NOVO,PA,0,0,0,0,0,0,0,0
PATRIOTA,PA,1,0,0,0,0,0,0,0
PC do B,PA,0,0,0,0,0,0,0,0
PCB,PA,0,0,0,0,0,0,0,0
PCO,PA,0,0,0,0,0,0,0,0
PDT,PA,2,0,0,0,0,0,0,0
PHS,PA,1,0,0,0,0,0,0,0
PMB,PA,0,0,0,0,0,0,0,0
PMN,PA,1,0,0,0,0,0,0,0
PODE,PA,0,0,0,0,0,0,0,0
PP,PA,1,0,0,0,0,0,0,0
PPL,PA,0,0,0,0,0,0,0,0
PPS,PA,1,0,0,0,0,0,0,0
PR,PA,3,1,0,0,1,0,0,0
PRB,PA,2,1,0,0,0,0,0,0
PROS,PA,0,0,0,0,0,0,0,0
PRP,PA,0,0,0,0,0,0,0,0
PRTB,PA,0,0,0,0,0,0,0,0
PSB,PA,1,1,0,0,0,0,0,0
PSC,PA,2,0,1,1,0,0,0,0
PSD,PA,3,3,0,1,0,0,0,0
PSDB,PA,5,2,0,0,0,0,0,0
PSL,PA,1,0,0,0,0,0,0,0
PSOL,PA,1,1,0,0,0,0,0,0
PSTU,PA,0,0,0,0,0,0,0,0
PT,PA,3,2,0,0,0,0,0,0
PTB,PA,2,2,0,0,0,0,0,0
PTC,PA,0,0,0,0,0,0,0,0
PV,PA,0,0,0,0,0,0,0,0
REDE,PA,0,0,0,0,0,0,0,0
SOLIDARIEDADE,PA,1,0,0,0,0,0,0,0
AVANTE,PB,4,0,0,0,0,0,0,0
DC,PB,0,0,0,0,0,0,0,0
DEM,PB,0,1,0,0,0,0,0,0
MDB,PB,1,0,0,0,0,0,0,0
NOVO,PB,0,0,0,0,0,0,0,0
PATRIOTA,PB,0,0,0,0,0,0,0,0
PC do B,PB,1,0,0,0,0,0,0,0
PCB,PB,0,0,0,0,0,0,0,0
PCO,PB,0,0,0,0,0,0,0,0
PDT,PB,0,1,0,0,1,0,0,0
PHS,PB,0,0,0,0,0,0,0,0
PMB,PB,0,0,0,0,0,0,0,0
PMN,PB,0,0,0,0,0,0,0,0
PODE,PB,3,0,0,0,0,0,0,0
PP,PB,2,1,1,1,0,0,0,0
PPL,PB,0,0,0,0,0,0,0,0
PPS,PB,2,0,0,0,0,0,0,0
PR,PB,1,1,0,0,0,0,0,0
PRB,PB,1,1,0,1,0,0,0,0
PROS,PB,0,0,0,0,0,0,0,0
PRP,PB,0,0,0,0,0,0,0,0
PRTB,PB,1,0,0,0,0,0,0,0
PSB,PB,8,1,1,0,0,1,0,0
PSC,PB,1,0,0,0,0,0,0,0
PSD,PB,1,0,0,0,0,0,0,0
PSDB,PB,3,3,0,0,0,0,0,0
PSL,PB,2,1,0,0,0,0,0,0
PSOL,PB,0,0,0,0,0,0,0,0
PSTU,PB,0,0,0,0,0,0,0,0
PT,PB,0,1,0,0,0,0,0,0
PTB,PB,2,1,0,1,0,0,0,0
PTC,PB,0,0,0,0,0,0,0,0
PV,PB,0,0,0,1,0,0,0,0
REDE,PB,1,0,0,0,0,0,0,0
SOLIDARIEDADE,PB,0,0,0,0,0,0,0,0
AVANTE,PE,1,0,0,0,0,0,0,0
DC,PE,0,0,0,0,0,0,0,0
DEM,PE,3,1,0,0,0,0,0,0
MDB,PE,1,1,1,1,0,0,0,0
NOVO,PE,0,0,0,0,0,0,0,0
PATRIOTA,PE,0,1,0,0,0,0,0,0
PC do B,PE,1,1,0,0,1,0,0,0
PCB,PE,0,0,0,0,0,0,0,0
PCO,PE,0,0,0,0,0,0,0,0
PDT,PE,1,2,0,0,0,0,0,0
PHS,PE,1,1,0,0,0,0,0,0
PMB,PE,0,0,0,0,0,0,0,0
PMN,PE,0,0,0,0,0,0,0,0
PODE,PE,0,1,0,0,0,0,0,0
PP,PE,10,2,0,0,0,0,0,0
PPL,PE,0,0,0,0,0,0,0,0
PPS,PE,0,1,0,0,0,0,0,0
PR,PE,2,1,0,1,0,0,0,0
PRB,PE,1,2,0,0,0,0,0,0
PROS,PE,0,0,0,0,0,0,0,0
PRP,PE,0,0,0,0,0,0,0,0
PRTB,PE,1,0,0,0,0,0,0,0
PSB,PE,11,5,0,1,0,1,0,0
PSC,PE,5,1,0,0,0,0,0,0
PSD,PE,3,1,0,0,0,0,0,0
PSDB,PE,1,0,0,0,0,0,0,0
PSL,PE,0,1,0,0,0,0,0,0
PSOL,PE,1,0,0,0,0,0,0,0
PSTU,PE,0,0,0,0,0,0,0,0
PT,PE,3,2,1,1,0,0,0,0
PTB,PE,2,0,0,0,0,0,0,0
PTC,PE,0,0,0,0,0,0,0,0
PV,PE,0,0,0,0,0,0,0,0
REDE,PE,0,0,0,0,0,0,0,0
SOLIDARIEDADE,PE,1,1,0,0,0,0,0,0
AVANTE,PI,0,0,0,0,0,0,0,0
DC,PI,0,0,0,0,0,0,0,0
DEM,PI,0,0,0,0,0,0,0,0
MDB,PI,6,1,1,1,0,0,0,0
NOVO,PI,0,0,0,0,0,0,0,0
PATRIOTA,PI,0,0,0,0,0,0,0,0
PC do B,PI,0,0,0,0,0,0,0,0
PCB,PI,0,0,0,0,0,0,0,0
PCO,PI,0,0,0,0,0,0,0,0
PDT,PI,1,1,0,0,0,0,0,0
PHS,PI,0,0,0,0,0,0,0,0
PMB,PI,0,0,0,0,0,0,0,0
PMN,PI,0,0,0,0,0,0,0,0
PODE,PI,0,0,0,0,0,0,0,0
PP,PI,5,2,1,2,0,0,0,0
PPL,PI,0,0,0,0,0,0,0,0
PPS,PI,1,0,0,0,0,0,0,0
PR,PI,3,1,0,0,0,0,0,0
PRB,PI,1,0,0,0,0,0,0,0
PROS,PI,0,0,0,0,0,0,0,0
PRP,PI,0,0,0,0,0,0,0,0
PRTB,PI,1,0,0,0,0,0,0,0
PSB,PI,1,1,0,0,0,0,0,0
PSC,PI,0,0,0,0,0,0,0,0
PSD,PI,1,1,0,0,0,0,0,0
PSDB,PI,1,0,0,0,0,0,0,0
PSL,PI,0,0,0,0,0,0,0,0
PSOL,PI,0,0,0,0,0,0,0,0
PSTU,PI,0,0,0,0,0,0,0,0
PT,PI,5,2,0,0,1,1,0,0
PTB,PI,2,0,0,1,0,0,0,0
PTC,PI,1,1,0,0,0,0,0,0
PV,PI,1,0,0,0,0,0,0,0
REDE,PI,0,0,0,0,0,0,0,0
SOLIDARIEDADE,PI,0,0,0,0,0,0,0,0
AVANTE,PR,0,0,0,0,0,0,0,0
DC,PR,0,0,0,0,0,0,0,0
DEM,PR,2,1,0,0,0,0,0,0
MDB,PR,2,2,0,0,0,0,0,0
NOVO,PR,0,0,0,0,0,0,0,0
PATRIOTA,PR,0,0,0,0,0,0,0,0
PC do B,PR,0,0,0,0,0,0,0,0
PCB,PR,0,0,0,0,0,0,0,0
PCO,PR,0,0,0,0,0,0,0,0
PDT,PR,2,1,0,0,0,0,0,0
PHS,PR,0,0,0,0,0,0,0,0
PMB,PR,0,0,0,0,0,0,0,0
PMN,PR,1,0,0,0,0,0,0,0
PODE,PR,1,1,1,0,0,0,0,0
PP,PR,3,2,0,0,0,0,0,0
PPL,PR,1,0,0,0,0,0,0,0
PPS,PR,3,1,0,0,0,0,0,0
PR,PR,2,3,0,0,0,0,0,0
PRB,PR,1,2,0,0,0,0,0,0
PROS,PR,2,2,0,0,0,0,0,0
PRP,PR,0,0,0,0,0,0,0,0
PRTB,PR,1,0,0,0,0,0,0,0
PSB,PR,5,2,0,0,0,0,0,0
PSC,PR,4,1,0,1,0,0,0,0
PSD,PR,6,4,0,0,1,1,0,0
PSDB,PR,3,0,0,0,0,0,0,0
PSL,PR,8,3,0,0,0,0,0,0
PSOL,PR,0,0,0,0,0,0,0,0
PSTU,PR,0,0,0,0,0,0,0,0
PT,PR,4,3,0,0,0,0,0,0
PTB,PR,1,1,0,0,0,0,0,0
PTC,PR,0,0,0,0,0,0,0,0
PV,PR,2,1,0,1,0,0,0,0
REDE,PR,0,0,1,2,0,0,0,0
SOLIDARIEDADE,PR,0,0,0,0,0,0,0,0
AVANTE,RJ,1,1,0,0,0,0,0,0
DC,RJ,2,1,0,0,0,0,0,0
DEM,RJ,5,4,0,0,0,0,0,0
MDB,RJ,5,3,0,0,0,0,0,0
NOVO,RJ,2,1,0,0,0,0,0,0
PATRIOTA,RJ,1,0,0,0,0,0,0,0
PC do B,RJ,1,1,0,0,0,0,0,0
PCB,RJ,0,0,0,0,0,0,0,0
PCO,RJ,0,0,0,0,0,0,0,0
PDT,RJ,3,2,0,0,0,0,0,0
PHS,RJ,2,1,0,0,0,0,0,0
PMB,RJ,1,0,0,0,0,0,0,0
PMN,RJ,0,0,0,0,0,0,0,0
PODE,RJ,1,0,0,0,0,0,0,0
PP,RJ,2,2,0,0,0,0,0,0
PPL,RJ,0,0,0,0,0,0,0,0
PPS,RJ,1,1,0,0,0,0,0,0
PR,RJ,1,2,0,0,0,0,0,0
PRB,RJ,3,2,0,0,0,0,0,0
PROS,RJ,1,1,0,0,0,0,0,0
PRP,RJ,2,1,0,0,0,0,0,0
PRTB,RJ,1,0,0,0,0,0,0,0
PSB,RJ,2,1,0,0,0,0,0,0
PSC,RJ,2,1,0,0,1,1,0,0
PSD,RJ,4,3,1,2,0,0,0,0
PSDB,RJ,2,0,0,0,0,0,0,0
PSL,RJ,12,12,1,2,0,0,0,0
PSOL,RJ,5,4,0,0,0,0,0,0
PSTU,RJ,0,0,0,0,0,0,0,0
PT,RJ,3,1,0,0,0,0,0,0
PTB,RJ,1,0,0,0,0,0,0,0
PTC,RJ,1,0,0,0,0,0,0,0
PV,RJ,0,0,0,0,0,0,0,0
REDE,RJ,0,0,0,0,0,0,0,0
SOLIDARIEDADE,RJ,3,1,0,0,0,0,0,0
AVANTE,RN,2,0,0,0,0,0,0,0
DC,RN,0,0,0,0,0,0,0,0
DEM,RN,1,0,0,0,0,0,0,0
MDB,RN,2,1,0,0,0,0,0,0
NOVO,RN,0,0,0,0,0,0,0,0
PATRIOTA,RN,0,0,0,0,0,0,0,0
PC do B,RN,0,0,0,0,1,0,0,0
PCB,RN,0,0,0,0,0,0,0,0
PCO,RN,0,0,0,0,0,0,0,0
PDT,RN,0,0,0,0,0,0,0,0
PHS,RN,1,0,1,1,0,0,0,0
PMB,RN,0,0,0,0,0,0,0,0
PMN,RN,0,0,0,0,0,0,0,0
PODE,RN,0,0,0,0,0,0,0,0
PP,RN,0,0,0,0,0,0,0,0
PPL,RN,1,0,0,0,0,0,0,0
PPS,RN,0,0,0,0,0,0,0,0
PR,RN,1,1,0,0,0,0,0,0
PRB,RN,0,0,0,0,0,0,0,0
PROS,RN,1,0,0,0,0,0,0,0
PRP,RN,0,0,0,0,0,0,0,0
PRTB,RN,0,0,0,0,0,0,0,0
PSB,RN,0,1,0,0,0,0,0,0
PSC,RN,0,0,0,0,0,0,0,0
PSD,RN,2,1,0,0,0,0,0,0
PSDB,RN,5,0,0,0,0,0,0,0
PSL,RN,1,1,0,0,0,0,0,0
PSOL,RN,1,0,0,0,0,0,0,0
PSTU,RN,0,0,0,0,0,0,0,0
PT,RN,2,2,0,1,0,1,0,0
PTB,RN,0,0,0,0,0,0,0,0
PTC,RN,2,1,0,0,0,0,0,0
PV,RN,0,0,0,0,0,0,0,0
REDE,RN,0,0,1,2,0,0,0,0
SOLIDARIEDADE,RN,2,0,0,0,0,0,0,0
AVANTE,RO,0,0,0,0,0,0,0,0
DC,RO,0,0,0,0,0,0,0,0
DEM,RO,1,0,1,1,0,0,0,0
MDB,RO,3,1,1,2,0,0,0,0
NOVO,RO,0,0,0,0,0,0,0,0
PATRIOTA,RO,0,0,0,0,0,0,0,0
PC do B,RO,0,0,0,0,0,0,0,0
PCB,RO,0,0,0,0,0,0,0,0
PCO,RO,0,0,0,0,0,0,0,0
PDT,RO,1,1,0,0,0,0,0,0
PHS,RO,0,0,0,0,0,0,0,0
PMB,RO,0,0,0,0,0,0,0,0
PMN,RO,1,0,0,0,0,0,0,0
PODE,RO,2,1,0,0,0,0,0,0
PP,RO,1,1,0,0,0,0,0,0
PPL,RO,0,0,0,0,0,0,0,0
PPS,RO,0,0,0,0,0,0,0,0
PR,RO,0,0,0,0,0,0,0,0
PRB,RO,3,0,0,0,0,0,0,0
PROS,RO,1,0,0,0,0,0,0,0
PRP,RO,0,0,0,0,0,0,0,0
PRTB,RO,0,0,0,0,0,0,0,0
PSB,RO,2,1,0,0,0,0,0,0
PSC,RO,1,0,0,0,0,0,0,0
PSD,RO,1,1,0,0,0,0,0,0
PSDB,RO,1,1,0,1,0,0,0,0
PSL,RO,1,1,0,0,1,1,0,0
PSOL,RO,0,0,0,0,0,0,0,0
PSTU,RO,0,0,0,0,0,0,0,0
PT,RO,1,0,0,0,0,0,0,0
PTB,RO,2,0,0,0,0,0,0,0
PTC,RO,1,0,0,0,0,0,0,0
PV,RO,1,0,0,0,0,0,0,0
REDE,RO,0,0,0,0,0,0,0,0
SOLIDARIEDADE,RO,0,0,0,0,0,0,0,0
AVANTE,RR,0,0,0,0,0,0,0,0
DC,RR,0,0,0,0,0,0,0,0
DEM,RR,0,0,1,1,0,0,0,0
MDB,RR,2,0,0,0,0,0,0,0
NOVO,RR,0,0,0,0,0,0,0,0
PATRIOTA,RR,2,0,0,0,0,0,0,0
PC do B,RR,1,0,0,0,0,0,0,0
PCB,RR,0,0,0,0,0,0,0,0
PCO,RR,0,0,0,0,0,0,0,0
PDT,RR,0,0,0,0,0,0,0,0
PHS,RR,0,0,0,0,0,0,0,0
PMB,RR,1,0,0,0,0,0,0,0
PMN,RR,0,0,0,0,0,0,0,0
PODE,RR,1,0,0,0,0,0,0,0
PP,RR,1,1,0,0,0,0,0,0
PPL,RR,0,0,0,0,0,0,0,0
PPS,RR,1,0,0,0,0,0,0,0
PR,RR,0,1,0,0,0,0,0,0
PRB,RR,3,1,1,2,0,0,0,0
PROS,RR,0,0,0,0,0,0,0,0
PRP,RR,1,0,0,0,0,0,0,0
PRTB,RR,2,0,0,0,0,0,0,0
PSB,RR,1,0,0,0,0,0,0,0
PSC,RR,0,0,0,0,0,0,0,0
PSD,RR,0,1,0,0,0,0,0,0
PSDB,RR,0,1,0,1,0,0,0,0
PSL,RR,0,1,0,0,0,1,0,0
PSOL,RR,0,0,0,0,0,0,0,0
PSTU,RR,0,0,0,0,0,0,0,0
PT,RR,1,0,0,0,0,0,0,0
PTB,RR,1,0,0,0,0,0,0,0
PTC,RR,2,0,0,0,1,0,0,0
PV,RR,1,0,0,0,0,0,0,0
REDE,RR,0,1,0,0,0,0,0,0
SOLIDARIEDADE,RR,3,1,0,0,0,0,0,0
AVANTE,RS,0,0,0,0,0,0,0,0
DC,RS,0,0,0,0,0,0,0,0
DEM,RS,2,1,0,0,0,0,0,0
MDB,RS,8,4,0,0,0,0,0,0
NOVO,RS,2,1,0,0,0,0,0,0
PATRIOTA,RS,0,0,0,0,0,0,0,0
PC do B,RS,0,0,0,0,0,0,0,0
PCB,RS,0,0,0,0,0,0,0,0
PCO,RS,0,0,0,0,0,0,0,0
PDT,RS,4,3,0,0,0,0,0,0
PHS,RS,0,0,0,0,0,0,0,0
PMB,RS,0,0,0,0,0,0,0,0
PMN,RS,0,0,0,0,0,0,0,0
PODE,RS,1,0,0,0,0,0,0,0
PP,RS,6,4,1,2,0,0,0,0
PPL,RS,0,0,0,0,0,0,0,0
PPS,RS,1,0,0,0,0,0,0,0
PR,RS,2,1,0,0,0,0,0,0
PRB,RS,2,1,0,0,0,0,0,0
PROS,RS,0,0,0,0,0,0,0,0
PRP,RS,0,0,0,0,0,0,0,0
PRTB,RS,0,0,0,0,0,0,0,0
PSB,RS,3,2,0,0,0,0,0,0
PSC,RS,0,0,0,0,0,0,0,0
PSD,RS,1,1,0,0,0,0,0,0
PSDB,RS,4,2,0,0,0,1,0,0
PSL,RS,4,3,0,0,0,0,0,0
PSOL,RS,1,1,0,0,0,0,0,0
PSTU,RS,0,0,0,0,0,0,0,0
PT,RS,8,5,1,2,0,0,0,0
PTB,RS,5,2,0,0,1,0,0,0
PTC,RS,0,0,0,0,0,0,0,0
PV,RS,0,0,0,0,0,0,0,0
REDE,RS,0,0,0,0,0,0,0,0
SOLIDARIEDADE,RS,1,0,0,0,0,0,0,0
AVANTE,SC,0,0,0,0,0,0,0,0
DC,SC,0,0,0,0,0,0,0,0
DEM,SC,0,0,0,0,0,0,0,0
MDB,SC,9,3,0,0,0,0,0,0
NOVO,SC,0,1,0,0,0,0,0,0
PATRIOTA,SC,0,0,0,0,0,0,0,0
PC do B,SC,0,0,0,0,0,0,0,0
PCB,SC,0,0,0,0,0,0,0,0
PCO,SC,0,0,0,0,0,0,0,0
PDT,SC,2,0,0,0,0,0,0,0
PHS,SC,0,0,0,0,0,0,0,0
PMB,SC,0,0,0,0,0,0,0,0
PMN,SC,0,0,0,0,0,0,0,0
PODE,SC,0,0,0,0,0,0,0,0
PP,SC,3,1,1,0,0,0,0,0
PPL,SC,0,0,0,0,0,0,0,0
PPS,SC,0,1,0,0,0,0,0,0
PR,SC,3,0,1,2,0,0,0,0
PRB,SC,1,1,0,0,0,0,0,0
PROS,SC,0,0,0,0,0,0,0,0
PRP,SC,0,0,0,0,0,0,0,0
PRTB,SC,0,0,0,0,0,0,0,0
PSB,SC,3,1,0,0,0,0,0,0
PSC,SC,1,0,0,0,0,0,0,0
PSD,SC,5,2,0,2,0,0,0,0
PSDB,SC,2,1,0,0,0,0,0,0
PSL,SC,6,4,0,0,1,1,0,0
PSOL,SC,0,0,0,0,0,0,0,0
PSTU,SC,0,0,0,0,0,0,0,0
PT,SC,4,1,0,0,0,0,0,0
PTB,SC,0,0,0,0,0,0,0,0
PTC,SC,0,0,0,0,0,0,0,0
PV,SC,1,0,0,0,0,0,0,0
REDE,SC,0,0,0,0,0,0,0,0
SOLIDARIEDADE,SC,0,0,0,0,0,0,0,0
AVANTE,SE,0,0,0,0,0,0,0,0
DC,SE,0,0,0,0,0,0,0,0
DEM,SE,0,0,0,0,0,0,0,0
MDB,SE,3,1,0,0,0,0,0,0
NOVO,SE,0,0,0,0,0,0,0,0
PATRIOTA,SE,0,0,0,0,0,0,0,0
PC do B,SE,0,0,0,0,0,0,0,0
PCB,SE,0,0,0,0,0,0,0,0
PCO,SE,0,0,0,0,0,0,0,0
PDT,SE,0,1,0,0,0,0,0,0
PHS,SE,0,0,0,0,0,0,0,0
PMB,SE,0,0,0,0,0,0,0,0
PMN,SE,0,0,0,0,0,0,0,0
PODE,SE,2,0,0,0,0,0,0,0
PP,SE,0,1,0,0,0,0,0,0
PPL,SE,0,0,0,0,0,0,0,0
PPS,SE,2,0,0,0,0,0,0,0
PR,SE,2,1,0,0,0,0,0,0
PRB,SE,0,0,0,0,0,0,0,0
PROS,SE,0,0,0,0,0,0,0,0
PRP,SE,0,0,0,0,0,0,0,0
PRTB,SE,0,0,0,0,0,0,0,0
PSB,SE,1,0,0,0,0,0,0,0
PSC,SE,4,1,0,0,0,0,0,0
PSD,SE,4,1,0,2,0,1,0,0
PSDB,SE,1,0,0,0,0,0,0,0
PSL,SE,0,0,0,0,0,0,0,0
PSOL,SE,0,0,0,0,0,0,0,0
PSTU,SE,0,0,0,0,0,0,0,0
PT,SE,2,1,1,0,1,0,0,0
PTB,SE,1,0,0,0,0,0,0,0
PTC,SE,0,0,0,0,0,0,0,0
PV,SE,0,0,0,0,0,0,0,0
REDE,SE,2,0,1,2,0,0,0,0
SOLIDARIEDADE,SE,0,1,0,0,0,0,0,0
AVANTE,SP,1,0,0,0,0,0,0,0
DC,SP,0,0,0,0,0,0,0,0
DEM,SP,7,5,0,0,1,0,0,0
MDB,SP,3,2,0,0,0,0,0,0
NOVO,SP,4,3,0,0,0,0,0,0
PATRIOTA,SP,1,0,0,0,0,0,0,0
PC do B,SP,1,1,0,0,0,0,0,0
PCB,SP,0,0,0,0,0,0,0,0
PCO,SP,0,0,0,0,0,0,0,0
PDT,SP,1,1,0,0,0,0,0,0
PHS,SP,1,0,0,0,0,0,0,0
PMB,SP,0,0,0,0,0,0,0,0
PMN,SP,0,0,0,0,0,0,0,0
PODE,SP,4,3,0,0,0,0,0,0
PP,SP,4,4,0,0,0,0,0,0
PPL,SP,0,0,0,0,0,0,0,0
PPS,SP,2,2,0,0,0,0,0,0
PR,SP,6,7,0,0,0,0,0,0
PRB,SP,6,6,0,0,0,0,0,0
PROS,SP,1,0,0,0,0,0,0,0
PRP,SP,0,0,0,0,0,0,0,0
PRTB,SP,0,0,0,0,0,0,0,0
PSB,SP,8,4,0,0,0,0,0,0
PSC,SP,0,1,0,0,0,0,0,0
PSD,SP,2,2,0,2,0,0,0,0
PSDB,SP,8,6,1,0,0,1,0,0
PSL,SP,15,10,1,2,0,0,0,0
PSOL,SP,4,3,0,0,0,0,0,0
PSTU,SP,0,0,0,0,0,0,0,0
PT,SP,10,8,0,0,0,0,0,0
PTB,SP,2,0,0,0,0,0,0,0
PTC,SP,0,0,0,0,0,0,0,0
PV,SP,1,1,0,0,0,0,0,0
REDE,SP,1,0,0,0,0,0,0,0
SOLIDARIEDADE,SP,1,1,0,0,0,0,0,0
AVANTE,TO,0,0,0,0,0,0,0,0
DC,TO,0,0,0,0,0,0,0,0
DEM,TO,1,2,0,1,0,0,0,0
MDB,TO,5,1,0,0,0,0,0,0
NOVO,TO,0,0,0,0,0,0,0,0
PATRIOTA,TO,0,0,0,0,0,0,0,0
PC do B,TO,0,0,0,0,0,0,0,0
PCB,TO,0,0,0,0,0,0,0,0
PCO,TO,0,0,0,0,0,0,0,0
PDT,TO,0,0,0,1,0,0,0,0
PHS,TO,1,0,0,0,1,1,0,0
PMB,TO,0,0,0,0,0,0,0,0
PMN,TO,0,0,0,0,0,0,0,0
PODE,TO,0,0,0,0,0,0,0,0
PP,TO,1,0,0,0,0,0,0,0
PPL,TO,1,0,0,0,0,0,0,0
PPS,TO,1,0,0,0,0,0,0,0
PR,TO,1,1,0,0,0,0,0,0
PRB,TO,0,0,0,0,0,0,0,0
PROS,TO,1,0,0,0,0,0,0,0
PRP,TO,0,0,0,0,0,0,0,0
PRTB,TO,0,0,0,1,0,0,0,0
PSB,TO,1,0,0,0,0,0,0,0
PSC,TO,0,1,0,0,0,0,0,0
PSD,TO,0,0,1,0,0,0,0,0
PSDB,TO,2,0,0,0,0,0,0,0
PSL,TO,1,0,0,0,0,0,0,0
PSOL,TO,0,0,0,0,0,0,0,0
PSTU,TO,0,0,0,0,0,0,0,0
PT,TO,2,1,0,0,0,0,0,0
PTB,TO,0,0,0,0,0,0,0,0
PTC,TO,1,0,0,0,0,0,0,0
PV,TO,2,0,0,0,0,0,0,0
REDE,TO,0,0,0,0,0,0,0,0
SOLIDARIEDADE,TO,3,2,1,1,0,0,0,0
